01;Kmetijska proizvodnja in lov ter z njima povezane storitve
01.1;Pridelovanje netrajnih rastlin
01.11;Pridelovanje žit (razen riža), stročnic in oljnic
01.110;Pridelovanje žit (razen riža), stročnic in oljnic
01.12;Pridelovanje riža
01.120;Pridelovanje riža
01.13;Pridelovanje zelenjadnic in melon, korenovk in gomoljnic
01.130;Pridelovanje zelenjadnic in melon, korenovk in gomoljnic
01.14;Pridelovanje sladkornega trsa
01.140;Pridelovanje sladkornega trsa
01.15;Pridelovanje tobaka
01.150;Pridelovanje tobaka
01.16;Pridelovanje rastlin za vlakna
01.160;Pridelovanje rastlin za vlakna
01.19;Pridelovanje cvetja in drugih enoletnih rastlin
01.190;Pridelovanje cvetja in drugih enoletnih rastlin
01.2;Gojenje trajnih nasadov
01.21;Vinogradništvo
01.210;Vinogradništvo
01.22;Gojenje tropskega in subtropskega sadja
01.220;Gojenje tropskega in subtropskega sadja
01.23;Gojenje citrusov
01.230;Gojenje citrusov
01.24;Gojenje pečkatega in koščičastega sadja
01.240;Gojenje pečkatega in koščičastega sadja
01.25;Gojenje drugih sadnih dreves in grmovnic
01.250;Gojenje drugih sadnih dreves in grmovnic
01.26;Pridelovanje oljnih sadežev
01.260;Pridelovanje oljnih sadežev
01.27;Gojenje rastlin za izdelavo napitkov
01.270;Gojenje rastlin za izdelavo napitkov
01.28;Gojenje začimbnih, aromatskih in zdravilnih rastlin
01.280;Gojenje začimbnih, aromatskih in zdravilnih rastlin
01.29;Gojenje drugih trajnih nasadov
01.290;Gojenje drugih trajnih nasadov
01.3;Razmnoževanje rastlin
01.30;Razmnoževanje rastlin
01.300;Razmnoževanje rastlin
01.4;Živinoreja
01.41;Prireja mleka
01.410;Prireja mleka
01.42;Druga govedoreja
01.420;Druga govedoreja
01.43;Konjereja
01.430;Konjereja
01.44;Reja kamel
01.440;Reja kamel
01.45;Reja drobnice
01.450;Reja drobnice
01.46;Prašičereja
01.460;Prašičereja
01.47;Reja perutnine
01.470;Reja perutnine
01.49;Reja drugih živali
01.490;Reja drugih živali
01.5;Mešano kmetijstvo
01.50;Mešano kmetijstvo
01.500;Mešano kmetijstvo
01.6;Storitve za kmetijsko proizvodnjo, priprava pridelkov
01.61;Storitve za rastlinsko pridelavo
01.610;Storitve za rastlinsko pridelavo
01.62;Storitve za živinorejo, razen veterinarskih
01.620;Storitve za živinorejo, razen veterinarskih
01.63;Priprava pridelkov
01.630;Priprava pridelkov
01.64;Obdelava semen
01.640;Obdelava semen
01.7;Lovstvo
01.70;Lovstvo
01.700;Lovstvo
02;Gozdarstvo
02.1;Gojenje gozdov in druge gozdarske dejavnosti
02.10;Gojenje gozdov in druge gozdarske dejavnosti
02.100;Gojenje gozdov in druge gozdarske dejavnosti
02.2;Sečnja
02.20;Sečnja
02.200;Sečnja
02.3;Nabiranje gozdnih dobrin, razen lesa
02.30;Nabiranje gozdnih dobrin, razen lesa
02.300;Nabiranje gozdnih dobrin, razen lesa
02.4;Storitve za gozdarstvo
02.40;Storitve za gozdarstvo
02.400;Storitve za gozdarstvo
03;Ribištvo in gojenje vodnih organizmov
03.1;Ribištvo
03.11;Morsko ribištvo
03.110;Morsko ribištvo
03.12;Sladkovodno ribištvo
03.120;Sladkovodno ribištvo
03.2;Gojenje vodnih organizmov
03.21;Gojenje morskih organizmov
03.210;Gojenje morskih organizmov
03.22;Gojenje sladkovodnih organizmov
03.220;Gojenje sladkovodnih organizmov
05;Pridobivanje premoga
05.1;Pridobivanje črnega premoga
05.10;Pridobivanje črnega premoga
05.100;Pridobivanje črnega premoga
05.2;Pridobivanje rjavega premoga in lignita
05.20;Pridobivanje rjavega premoga in lignita
05.200;Pridobivanje rjavega premoga in lignita
06;Pridobivanje surove nafte in zemeljskega plina
06.1;Pridobivanje surove nafte
06.10;Pridobivanje surove nafte
06.100;Pridobivanje surove nafte
06.2;Pridobivanje zemeljskega plina
06.20;Pridobivanje zemeljskega plina
06.200;Pridobivanje zemeljskega plina
07;Pridobivanje rud
07.1;Pridobivanje železove rude
07.10;Pridobivanje železove rude
07.100;Pridobivanje železove rude
07.2;Pridobivanje rud neželeznih kovin
07.21;Pridobivanje uranove in torijeve rude
07.210;Pridobivanje uranove in torijeve rude
07.29;Pridobivanje rud drugih neželeznih kovin
07.290;Pridobivanje rud drugih neželeznih kovin
08;Pridobivanje rudnin in kamnin
08.1;Pridobivanje kamna, peska in gline
08.11;Pridobivanje kamna
08.110;Pridobivanje kamna
08.12;Pridobivanje gramoza, peska, gline
08.120;Pridobivanje gramoza, peska, gline
08.9;Pridobivanje drugih rudnin in kamnin
08.91;Pridobivanje mineralov za kemikalije in gnojila
08.910;Pridobivanje mineralov za kemikalije in gnojila
08.92;Pridobivanje šote
08.920;Pridobivanje šote
08.93;Pridobivanje soli
08.930;Pridobivanje soli
08.99;Drugo pridobivanje rudnin in kamnin
08.990;Drugo pridobivanje rudnin in kamnin
09;Storitve za rudarstvo
09.1;Storitve za pridobivanje nafte in zemeljskega plina
09.10;Storitve za pridobivanje nafte in zemeljskega plina
09.100;Storitve za pridobivanje nafte in zemeljskega plina
09.9;Storitve za drugo rudarjenje
09.90;Storitve za drugo rudarjenje
09.900;Storitve za drugo rudarjenje
10;Proizvodnja živil
10.1;Proizvodnja mesa in mesnih izdelkov
10.11;Proizvodnja mesa, razen perutninskega
10.110;Proizvodnja mesa, razen perutninskega
10.12;Proizvodnja perutninskega mesa
10.120;Proizvodnja perutninskega mesa
10.13;Proizvodnja mesnih izdelkov
10.130;Proizvodnja mesnih izdelkov
10.2;Predelava in konzerviranje rib, rakov in mehkužcev
10.20;Predelava in konzerviranje rib, rakov in mehkužcev
10.200;Predelava in konzerviranje rib, rakov in mehkužcev
10.3;Predelava in konzerviranje sadja in zelenjave
10.31;Predelava in konzerviranje krompirja
10.310;Predelava in konzerviranje krompirja
10.32;Proizvodnja sadnih in zelenjavnih sokov
10.320;Proizvodnja sadnih in zelenjavnih sokov
10.39;Druga predelava in konzerviranje sadja in zelenjave
10.390;Druga predelava in konzerviranje sadja in zelenjave
10.4;Proizvodnja rastlinskih in živalskih olj in maščob
10.41;Proizvodnja olja in maščob
10.410;Proizvodnja olja in maščob
10.42;Proizvodnja margarine in podobnih jedilnih maščob
10.420;Proizvodnja margarine in podobnih jedilnih maščob
10.5;Predelava mleka
10.51;Mlekarstvo in sirarstvo
10.510;Mlekarstvo in sirarstvo
10.52;Proizvodnja sladoleda
10.520;Proizvodnja sladoleda
10.6;Mlinarstvo, proizvodnja škroba in škrobnih izdelkov
10.61;Mlinarstvo
10.610;Mlinarstvo
10.62;Proizvodnja škroba in škrobnih izdelkov
10.620;Proizvodnja škroba in škrobnih izdelkov
10.7;Proizvodnja pekarskih izdelkov in testenin
10.71;Proizvodnja kruha, svežega peciva in slaščic
10.710;Proizvodnja kruha, svežega peciva in slaščic
10.72;Proizvodnja prepečenca in piškotov, proizvodnja trajnega peciva in slaščic
10.720;Proizvodnja prepečenca in piškotov, proizvodnja trajnega peciva in slaščic
10.73;Proizvodnja testenin
10.730;Proizvodnja testenin
10.8;Proizvodnja drugih prehrambenih izdelkov
10.81;Proizvodnja sladkorja
10.810;Proizvodnja sladkorja
10.82;Proizvodnja kakava, čokolade in sladkornih izdelkov
10.820;Proizvodnja kakava, čokolade in sladkornih izdelkov
10.83;Predelava čaja in kave
10.830;Predelava čaja in kave
10.84;Proizvodnja začimb, dišav in drugih dodatkov
10.840;Proizvodnja začimb, dišav in drugih dodatkov
10.85;Proizvodnja pripravljenih jedi in obrokov
10.850;Proizvodnja pripravljenih jedi in obrokov
10.86;Proizvodnja homogeniziranih in dietetičnih živil
10.860;Proizvodnja homogeniziranih in dietetičnih živil
10.89;Proizvodnja drugih prehrambenih izdelkov, drugje nerazvrščenih
10.890;Proizvodnja drugih prehrambenih izdelkov, drugje nerazvrščenih
10.9;Proizvodnja krmil in hrane za hišne živali
10.91;Proizvodnja krmil
10.910;Proizvodnja krmil
10.92;Proizvodnja hrane za hišne živali
10.920;Proizvodnja hrane za hišne živali
11;Proizvodnja pijač
11.0;Proizvodnja pijač
11.01;Proizvodnja žganih pijač
11.010;Proizvodnja žganih pijač
11.02;Proizvodnja vina iz grozdja
11.020;Proizvodnja vina iz grozdja
11.03;Proizvodnja sadnih vin in podobnih fermentiranih pijač
11.030;Proizvodnja sadnih vin in podobnih fermentiranih pijač
11.04;Proizvodnja aromatiziranih vin iz grozdja
11.040;Proizvodnja aromatiziranih vin iz grozdja
11.05;Proizvodnja piva
11.050;Proizvodnja piva
11.06;Proizvodnja slada
11.060;Proizvodnja slada
11.07;Proizvodnja brezalkoholnih pijač, mineralnih in drugih stekleničenih vod
11.070;Proizvodnja brezalkoholnih pijač, mineralnih in drugih stekleničenih vod
12;Proizvodnja tobačnih izdelkov
12.0;Proizvodnja tobačnih izdelkov
12.00;Proizvodnja tobačnih izdelkov
12.000;Proizvodnja tobačnih izdelkov
13;Proizvodnja tekstilij
13.1;Priprava in predenje tekstilnih vlaken
13.10;Priprava in predenje tekstilnih vlaken
13.100;Priprava in predenje tekstilnih vlaken
13.2;Tkanje tekstilij
13.20;Tkanje tekstilij
13.200;Tkanje tekstilij
13.3;Dodelava tekstilij
13.30;Dodelava tekstilij
13.300;Dodelava tekstilij
13.9;Proizvodnja drugih tekstilij
13.91;Proizvodnja pletenih in kvačkanih materialov
13.910;Proizvodnja pletenih in kvačkanih materialov
13.92;Proizvodnja končnih tekstilnih izdelkov, razen oblačil
13.920;Proizvodnja končnih tekstilnih izdelkov, razen oblačil
13.93;Proizvodnja preprog
13.930;Proizvodnja preprog
13.94;Proizvodnja vrvi, vrvic in mrež
13.940;Proizvodnja vrvi, vrvic in mrež
13.95;Proizvodnja netkanih tekstilij in izdelkov iz njih, razen oblačil
13.950;Proizvodnja netkanih tekstilij in izdelkov iz njih, razen oblačil
13.96;Proizvodnja tehničnega in industrijskega tekstila
13.960;Proizvodnja tehničnega in industrijskega tekstila
13.99;Proizvodnja drugje nerazvrščenih tekstilij
13.990;Proizvodnja drugje nerazvrščenih tekstilij
14;Proizvodnja oblačil
14.1;Proizvodnja oblačil, razen krznenih
14.11;Proizvodnja usnjenih oblačil
14.110;Proizvodnja usnjenih oblačil
14.12;Proizvodnja delovnih oblačil
14.120;Proizvodnja delovnih oblačil
14.13;Proizvodnja drugih vrhnjih oblačil
14.130;Proizvodnja drugih vrhnjih oblačil
14.14;Proizvodnja spodnjega perila
14.140;Proizvodnja spodnjega perila
14.19;Proizvodnja drugih oblačil, pokrival ter dodatkov
14.190;Proizvodnja drugih oblačil, pokrival ter dodatkov
14.2;Proizvodnja krznenih izdelkov
14.20;Proizvodnja krznenih izdelkov
14.200;Proizvodnja krznenih izdelkov
14.3;Proizvodnja pletenih in kvačkanih oblačil
14.31;Proizvodnja nogavic
14.310;Proizvodnja nogavic
14.39;Proizvodnja drugih pletenih in kvačkanih oblačil
14.390;Proizvodnja drugih pletenih in kvačkanih oblačil
15;Proizvodnja usnja, usnjenih in sorodnih izdelkov
15.1;Strojenje in dodelava usnja in krzna, proizvodnja potovalne galanterije in sedlarskih izdelkov
15.11;Strojenje in dodelava usnja in krzna
15.110;Strojenje in dodelava usnja in krzna
15.12;Proizvodnja potovalne galanterije, sedlarskih in jermenarskih izdelkov
15.120;Proizvodnja potovalne galanterije, sedlarskih in jermenarskih izdelkov
15.2;Proizvodnja obutve
15.20;Proizvodnja obutve
15.200;Proizvodnja obutve
16;Obdelava in predelava lesa, proizvodnja izdelkov iz lesa, plute, slame in protja, razen pohištva
16.1;Žaganje, skobljanje in impregniranje lesa
16.10;Žaganje, skobljanje in impregniranje lesa
16.100;Žaganje, skobljanje in impregniranje lesa
16.2;Proizvodnja lesenih, plutovinastih, pletarskih izdelkov
16.21;Proizvodnja furnirja in plošč na osnovi lesa
16.210;Proizvodnja furnirja in plošč na osnovi lesa
16.22;Proizvodnja sestavljenega parketa
16.220;Proizvodnja sestavljenega parketa
16.23;Stavbno mizarstvo in tesarstvo
16.230;Stavbno mizarstvo in tesarstvo
16.24;Proizvodnja lesene embalaže
16.240;Proizvodnja lesene embalaže
16.29;Proizvodnja drugih izdelkov iz lesa, plute, slame in protja
16.290;Proizvodnja drugih izdelkov iz lesa, plute, slame in protja
17;Proizvodnja papirja in izdelkov iz papirja
17.1;Proizvodnja vlaknin, papirja in kartona
17.11;Proizvodnja vlaknin
17.110;Proizvodnja vlaknin
17.12;Proizvodnja papirja in kartona
17.120;Proizvodnja papirja in kartona
17.2;Proizvodnja izdelkov iz papirja in kartona
17.21;Proizvodnja valovitega papirja in kartona ter papirne in kartonske embalaže
17.210;Proizvodnja valovitega papirja in kartona ter papirne in kartonske embalaže
17.22;Proizvodnja gospodinjskih, higienskih in toaletnih potrebščin iz papirja
17.220;Proizvodnja gospodinjskih, higienskih in toaletnih potrebščin iz papirja
17.23;Proizvodnja pisarniških potrebščin iz papirja
17.230;Proizvodnja pisarniških potrebščin iz papirja
17.24;Proizvodnja tapet
17.240;Proizvodnja tapet
17.29;Proizvodnja drugih izdelkov iz papirja in kartona
17.290;Proizvodnja drugih izdelkov iz papirja in kartona
18;Tiskarstvo in razmnoževanje posnetih nosilcev zapisa
18.1;Tiskarstvo in z njim povezane storitve
18.11;Tiskanje časopisov
18.110;Tiskanje časopisov
18.12;Drugo tiskanje
18.120;Drugo tiskanje
18.13;Priprava za tisk in objavo
18.130;Priprava za tisk in objavo
18.14;Knjigoveštvo in sorodne dejavnosti
18.140;Knjigoveštvo in sorodne dejavnosti
18.2;Razmnoževanje posnetih nosilcev zapisa
18.20;Razmnoževanje posnetih nosilcev zapisa
18.200;Razmnoževanje posnetih nosilcev zapisa
19;Proizvodnja koksa in naftnih derivatov
19.1;Proizvodnja koksa
19.10;Proizvodnja koksa
19.100;Proizvodnja koksa
19.2;Proizvodnja naftnih derivatov
19.20;Proizvodnja naftnih derivatov
19.200;Proizvodnja naftnih derivatov
20;Proizvodnja kemikalij, kemičnih izdelkov
20.1;Proizvodnja osnovnih kemikalij, gnojil in dušikovih spojin, plastičnih mas in sintetičnega kavčuka v primarni obliki
20.11;Proizvodnja tehničnih plinov
20.110;Proizvodnja tehničnih plinov
20.12;Proizvodnja barvil in pigmentov
20.120;Proizvodnja barvil in pigmentov
20.13;Proizvodnja drugih anorganskih osnovnih kemikalij
20.130;Proizvodnja drugih anorganskih osnovnih kemikalij
20.14;Proizvodnja drugih organskih osnovnih kemikalij
20.140;Proizvodnja drugih organskih osnovnih kemikalij
20.15;Proizvodnja gnojil in dušikovih spojin
20.150;Proizvodnja gnojil in dušikovih spojin
20.16;Proizvodnja plastičnih mas v primarni obliki
20.160;Proizvodnja plastičnih mas v primarni obliki
20.17;Proizvodnja sintetičnega kavčuka v primarni obliki
20.170;Proizvodnja sintetičnega kavčuka v primarni obliki
20.2;Proizvodnja razkužil, pesticidov in drugih agrokemičnih izdelkov
20.20;Proizvodnja razkužil, pesticidov in drugih agrokemičnih izdelkov
20.200;Proizvodnja razkužil, pesticidov in drugih agrokemičnih izdelkov
20.3;Proizvodnja barv, lakov in podobnih premazov, tiskarskih barv in kitov
20.30;Proizvodnja barv, lakov in podobnih premazov, tiskarskih barv in kitov
20.300;Proizvodnja barv, lakov in podobnih premazov, tiskarskih barv in kitov
20.4;Proizvodnja mil in pralnih sredstev, čistilnih in polirnih sredstev, parfumov in toaletnih sredstev
20.41;Proizvodnja mil in pralnih sredstev, čistilnih in polirnih sredstev
20.410;Proizvodnja mil in pralnih sredstev, čistilnih in polirnih sredstev
20.42;Proizvodnja parfumov in toaletnih sredstev
20.420;Proizvodnja parfumov in toaletnih sredstev
20.5;Proizvodnja razstreliv, lepil, eteričnih olj in drugih kemičnih izdelkov
20.51;Proizvodnja razstreliv
20.510;Proizvodnja razstreliv
20.52;Proizvodnja sredstev za lepljenje
20.520;Proizvodnja sredstev za lepljenje
20.53;Proizvodnja eteričnih olj
20.530;Proizvodnja eteričnih olj
20.59;Proizvodnja drugih kemičnih izdelkov
20.590;Proizvodnja drugih kemičnih izdelkov
20.6;Proizvodnja umetnih vlaken
20.60;Proizvodnja umetnih vlaken
20.600;Proizvodnja umetnih vlaken
21;Proizvodnja farmacevtskih surovin in preparatov
21.1;Proizvodnja farmacevtskih surovin
21.10;Proizvodnja farmacevtskih surovin
21.100;Proizvodnja farmacevtskih surovin
21.2;Proizvodnja farmacevtskih preparatov
21.20;Proizvodnja farmacevtskih preparatov
21.200;Proizvodnja farmacevtskih preparatov
22;Proizvodnja izdelkov iz gume in plastičnih mas
22.1;Proizvodnja izdelkov iz gume
22.11;Proizvodnja in obnavljanje gumijastih plaščev in zračnic za vozila
22.110;Proizvodnja in obnavljanje gumijastih plaščev in zračnic za vozila
22.19;Proizvodnja drugih izdelkov iz gume
22.190;Proizvodnja drugih izdelkov iz gume
22.2;Proizvodnja plastičnih izdelkov
22.21;Proizvodnja plošč, folij, cevi in profilov iz plastičnih mas
22.210;Proizvodnja plošč, folij, cevi in profilov iz plastičnih mas
22.22;Proizvodnja embalaže iz plastičnih mas
22.220;Proizvodnja embalaže iz plastičnih mas
22.23;Proizvodnja izdelkov iz plastičnih mas za gradbeništvo
22.230;Proizvodnja izdelkov iz plastičnih mas za gradbeništvo
22.29;Proizvodnja drugih izdelkov iz plastičnih mas
22.290;Proizvodnja drugih izdelkov iz plastičnih mas
23;Proizvodnja nekovinskih mineralnih izdelkov
23.1;Proizvodnja stekla in steklenih izdelkov
23.11;Proizvodnja ravnega stekla
23.110;Proizvodnja ravnega stekla
23.12;Oblikovanje in obdelava ravnega stekla
23.120;Oblikovanje in obdelava ravnega stekla
23.13;Proizvodnja votlega stekla
23.130;Proizvodnja votlega stekla
23.14;Proizvodnja steklenih vlaken
23.140;Proizvodnja steklenih vlaken
23.19;Proizvodnja in oblikovanje drugih vrst stekla ter tehničnih steklenih izdelkov
23.190;Proizvodnja in oblikovanje drugih vrst stekla ter tehničnih steklenih izdelkov
23.2;Proizvodnja ognjevzdržne keramike
23.20;Proizvodnja ognjevzdržne keramike
23.200;Proizvodnja ognjevzdržne keramike
23.3;Proizvodnja neognjevzdržne gradbene keramike
23.31;Proizvodnja keramičnih ploščic in oblog
23.310;Proizvodnja keramičnih ploščic in oblog
23.32;Proizvodnja strešnikov, opeke in drugih gradbenih izdelkov iz žgane gline
23.320;Proizvodnja strešnikov, opeke in drugih gradbenih izdelkov iz žgane gline
23.4;Proizvodnja drugih izdelkov iz keramike in porcelana
23.41;Proizvodnja gospodinjske in okrasne keramike
23.410;Proizvodnja gospodinjske in okrasne keramike
23.42;Proizvodnja sanitarne keramike
23.420;Proizvodnja sanitarne keramike
23.43;Proizvodnja izolatorjev in izolacijskih elementov iz keramike
23.430;Proizvodnja izolatorjev in izolacijskih elementov iz keramike
23.44;Proizvodnja druge tehnične keramike
23.440;Proizvodnja druge tehnične keramike
23.49;Proizvodnja drugih keramičnih izdelkov
23.490;Proizvodnja drugih keramičnih izdelkov
23.5;Proizvodnja cementa, apna, mavca
23.51;Proizvodnja cementa
23.510;Proizvodnja cementa
23.52;Proizvodnja apna in mavca
23.520;Proizvodnja apna in mavca
23.6;Proizvodnja izdelkov iz betona, cementa, mavca
23.61;Proizvodnja betonskih izdelkov za gradbeništvo
23.610;Proizvodnja betonskih izdelkov za gradbeništvo
23.62;Proizvodnja izdelkov iz mavca za gradbeništvo
23.620;Proizvodnja izdelkov iz mavca za gradbeništvo
23.63;Proizvodnja sveže betonske mešanice
23.630;Proizvodnja sveže betonske mešanice
23.64;Proizvodnja malte
23.640;Proizvodnja malte
23.65;Proizvodnja izdelkov iz vlaknatega cementa
23.650;Proizvodnja izdelkov iz vlaknatega cementa
23.69;Proizvodnja drugih izdelkov iz betona, cementa, mavca
23.690;Proizvodnja drugih izdelkov iz betona, cementa, mavca
23.7;Obdelava naravnega kamna
23.70;Obdelava naravnega kamna
23.700;Obdelava naravnega kamna
23.9;Proizvodnja brusilnih sredstev in drugih nekovinskih mineralnih izdelkov
23.91;Proizvodnja brusilnih sredstev
23.910;Proizvodnja brusilnih sredstev
23.99;Proizvodnja drugih nekovinskih mineralnih izdelkov
23.990;Proizvodnja drugih nekovinskih mineralnih izdelkov
24;Proizvodnja kovin
24.1;Proizvodnja surovega železa, jekla, ferozlitin
24.10;Proizvodnja surovega železa, jekla, ferozlitin
24.100;Proizvodnja surovega železa, jekla, ferozlitin
24.2;Proizvodnja jeklenih cevi, votlih profilov in fitingov
24.20;Proizvodnja jeklenih cevi, votlih profilov in fitingov
24.200;Proizvodnja jeklenih cevi, votlih profilov in fitingov
24.3;Druga primarna predelava železa in jekla
24.31;Hladno vlečenje profilov
24.310;Hladno vlečenje profilov
24.32;Hladno valjanje traku
24.320;Hladno valjanje traku
24.33;Hladno oblikovanje profilov in pregibanje
24.330;Hladno oblikovanje profilov in pregibanje
24.34;Hladno vlečenje žice
24.340;Hladno vlečenje žice
24.4;Proizvodnja plemenitih in drugih neželeznih kovin
24.41;Proizvodnja plemenitih kovin
24.410;Proizvodnja plemenitih kovin
24.42;Proizvodnja aluminija
24.420;Proizvodnja aluminija
24.43;Proizvodnja svinca, cinka in kositra
24.430;Proizvodnja svinca, cinka in kositra
24.44;Proizvodnja bakra
24.440;Proizvodnja bakra
24.45;Proizvodnja drugih neželeznih kovin
24.450;Proizvodnja drugih neželeznih kovin
24.46;Proizvodnja jedrskega goriva
24.460;Proizvodnja jedrskega goriva
24.5;Livarstvo
24.51;Litje železa
24.510;Litje železa
24.52;Litje jekla
24.520;Litje jekla
24.53;Litje lahkih kovin
24.530;Litje lahkih kovin
24.54;Litje drugih neželeznih kovin
24.540;Litje drugih neželeznih kovin
25;Proizvodnja kovinskih izdelkov, razen strojev in naprav
25.1;Proizvodnja gradbenih kovinskih izdelkov
25.11;Proizvodnja kovinskih konstrukcij in njihovih delov
25.110;Proizvodnja kovinskih konstrukcij in njihovih delov
25.12;Proizvodnja kovinskega stavbnega pohištva
25.120;Proizvodnja kovinskega stavbnega pohištva
25.2;Proizvodnja kotlov za centralno ogrevanje, kovinskih rezervoarjev in cistern
25.21;Proizvodnja radiatorjev in kotlov za centralno ogrevanje
25.210;Proizvodnja radiatorjev in kotlov za centralno ogrevanje
25.29;Proizvodnja drugih kovinskih rezervoarjev in cistern
25.290;Proizvodnja drugih kovinskih rezervoarjev in cistern
25.3;Proizvodnja parnih kotlov, razen kotlov za centralno ogrevanje
25.30;Proizvodnja parnih kotlov, razen kotlov za centralno ogrevanje
25.300;Proizvodnja parnih kotlov, razen kotlov za centralno ogrevanje
25.4;Proizvodnja orožja in streliva
25.40;Proizvodnja orožja in streliva
25.400;Proizvodnja orožja in streliva
25.5;Kovanje, stiskanje, vtiskovanje in valjanje kovin, prašna metalurgija
25.50;Kovanje, stiskanje, vtiskovanje in valjanje kovin, prašna metalurgija
25.500;Kovanje, stiskanje, vtiskovanje in valjanje kovin, prašna metalurgija
25.6;Površinska obdelava in prekrivanje kovin, mehanska obdelava kovin
25.61;Površinska obdelava in prekrivanje kovin
25.611;Prekrivanje kovin s kovino
25.619;Druga površinska in toplotna obdelava kovin
25.62;Mehanska obdelava kovin
25.620;Mehanska obdelava kovin
25.7;Proizvodnja jedilnega pribora, ključavnic, okovja, orodja
25.71;Proizvodnja rezil in jedilnega pribora
25.710;Proizvodnja rezil in jedilnega pribora
25.72;Proizvodnja ključavnic, okovja
25.720;Proizvodnja ključavnic, okovja
25.73;Proizvodnja orodja
25.731;Proizvodnja ročnega orodja
25.732;Proizvodnja orodja za stroje
25.9;Proizvodnja drugih kovinskih izdelkov
25.91;Proizvodnja jeklenih bobnov, sodov in podobnih posod
25.910;Proizvodnja jeklenih bobnov, sodov in podobnih posod
25.92;Proizvodnja lahke kovinske embalaže
25.920;Proizvodnja lahke kovinske embalaže
25.93;Proizvodnja izdelkov iz žice, verig in vzmeti
25.930;Proizvodnja izdelkov iz žice, verig in vzmeti
25.94;Proizvodnja vijačnega materiala, vezi
25.940;Proizvodnja vijačnega materiala, vezi
25.99;Proizvodnja drugje nerazvrščenih kovinskih izdelkov
25.990;Proizvodnja drugje nerazvrščenih kovinskih izdelkov
26;Proizvodnja računalnikov, elektronskih in optičnih izdelkov
26.1;Proizvodnja elektronskih komponent in plošč
26.11;Proizvodnja elektronskih komponent
26.110;Proizvodnja elektronskih komponent
26.12;Proizvodnja elektronskih plošč
26.120;Proizvodnja elektronskih plošč
26.2;Proizvodnja računalnikov in perifernih naprav
26.20;Proizvodnja računalnikov in perifernih naprav
26.200;Proizvodnja računalnikov in perifernih naprav
26.3;Proizvodnja komunikacijskih naprav
26.30;Proizvodnja komunikacijskih naprav
26.300;Proizvodnja komunikacijskih naprav
26.4;Proizvodnja elektronskih naprav za široko rabo
26.40;Proizvodnja elektronskih naprav za široko rabo
26.400;Proizvodnja elektronskih naprav za široko rabo
26.5;Proizvodnja merilnih, preizkuševalnih, navigacijskih instrumentov in naprav, proizvodnja ur
26.51;Proizvodnja merilnih, preizkuševalnih in navigacijskih instrumentov in naprav
26.510;Proizvodnja merilnih, preizkuševalnih in navigacijskih instrumentov in naprav
26.52;Proizvodnja ur
26.520;Proizvodnja ur
26.6;Proizvodnja sevalnih, elektromedicinskih in elektroterapevtskih naprav
26.60;Proizvodnja sevalnih, elektromedicinskih in elektroterapevtskih naprav
26.600;Proizvodnja sevalnih, elektromedicinskih in elektroterapevtskih naprav
26.7;Proizvodnja optičnih instrumentov in fotografske opreme
26.70;Proizvodnja optičnih instrumentov in fotografske opreme
26.700;Proizvodnja optičnih instrumentov in fotografske opreme
26.8;Proizvodnja magnetnih in optičnih nosilcev zapisa
26.80;Proizvodnja magnetnih in optičnih nosilcev zapisa
26.800;Proizvodnja magnetnih in optičnih nosilcev zapisa
27;Proizvodnja električnih naprav
27.1;Proizvodnja elektromotorjev, generatorjev, transformatorjev ter naprav za distribucijo in krmiljenje elektrike
27.11;Proizvodnja elektromotorjev, generatorjev in transformatorjev
27.110;Proizvodnja elektromotorjev, generatorjev in transformatorjev
27.12;Proizvodnja naprav za distribucijo in krmiljenje elektrike
27.120;Proizvodnja naprav za distribucijo in krmiljenje elektrike
27.2;Proizvodnja baterij in akumulatorjev
27.20;Proizvodnja baterij in akumulatorjev
27.200;Proizvodnja baterij in akumulatorjev
27.3;Proizvodnja oplaščenih vodnikov in naprav za ožičenje
27.31;Proizvodnja kablov iz optičnih vlaken
27.310;Proizvodnja kablov iz optičnih vlaken
27.32;Proizvodnja drugih električnih kablov in žic
27.320;Proizvodnja drugih električnih kablov in žic
27.33;Proizvodnja vtičnic, stikal in drugih naprav za ožičenje
27.330;Proizvodnja vtičnic, stikal in drugih naprav za ožičenje
27.4;Proizvodnja naprav in opreme za razsvetljavo
27.40;Proizvodnja naprav in opreme za razsvetljavo
27.400;Proizvodnja naprav in opreme za razsvetljavo
27.5;Proizvodnja gospodinjskih naprav
27.51;Proizvodnja električnih gospodinjskih naprav
27.510;Proizvodnja električnih gospodinjskih naprav
27.52;Proizvodnja neelektričnih gospodinjskih naprav
27.520;Proizvodnja neelektričnih gospodinjskih naprav
27.9;Proizvodnja drugih električnih naprav
27.90;Proizvodnja drugih električnih naprav
27.900;Proizvodnja drugih električnih naprav
28;Proizvodnja drugih strojev in naprav
28.1;Proizvodnja strojev za splošne namene
28.11;Proizvodnja motorjev in turbin, razen za letala in motorna vozila
28.110;Proizvodnja motorjev in turbin, razen za letala in motorna vozila
28.12;Proizvodnja naprav za fluidno tehniko
28.120;Proizvodnja naprav za fluidno tehniko
28.13;Proizvodnja črpalk in kompresorjev
28.130;Proizvodnja črpalk in kompresorjev
28.14;Proizvodnja pip in ventilov
28.140;Proizvodnja pip in ventilov
28.15;Proizvodnja ležajev, zobnikov in elementov za mehanski prenos energije
28.150;Proizvodnja ležajev, zobnikov in elementov za mehanski prenos energije
28.2;Proizvodnja drugih naprav za splošne namene
28.21;Proizvodnja peči in gorilnikov
28.210;Proizvodnja peči in gorilnikov
28.22;Proizvodnja dvigalnih in transportnih naprav
28.220;Proizvodnja dvigalnih in transportnih naprav
28.23;Proizvodnja pisarniških strojev in naprav (razen računalnikov in perifernih naprav)
28.230;Proizvodnja pisarniških strojev in naprav (razen računalnikov in perifernih naprav)
28.24;Proizvodnja ročnih strojev in naprav
28.240;Proizvodnja ročnih strojev in naprav
28.25;Proizvodnja hladilnih in prezračevalnih naprav, razen za gospodinjstva
28.250;Proizvodnja hladilnih in prezračevalnih naprav, razen za gospodinjstva
28.29;Proizvodnja drugih strojev in naprav za splošne namene
28.290;Proizvodnja drugih strojev in naprav za splošne namene
28.3;Proizvodnja kmetijskih in gozdarskih strojev
28.30;Proizvodnja kmetijskih in gozdarskih strojev
28.300;Proizvodnja kmetijskih in gozdarskih strojev
28.4;Proizvodnja obdelovalnih strojev
28.41;Proizvodnja strojev za oblikovanje in obdelavo kovin
28.410;Proizvodnja strojev za oblikovanje in obdelavo kovin
28.49;Proizvodnja drugih obdelovalnih strojev
28.490;Proizvodnja drugih obdelovalnih strojev
28.9;Proizvodnja drugih strojev za posebne namene
28.91;Proizvodnja metalurških strojev
28.910;Proizvodnja metalurških strojev
28.92;Proizvodnja rudarskih in gradbenih strojev
28.920;Proizvodnja rudarskih in gradbenih strojev
28.93;Proizvodnja strojev za živilsko in tobačno industrijo
28.930;Proizvodnja strojev za živilsko in tobačno industrijo
28.94;Proizvodnja strojev za tekstilno, oblačilno in usnjarsko industrijo
28.940;Proizvodnja strojev za tekstilno, oblačilno in usnjarsko industrijo
28.95;Proizvodnja strojev za industrijo papirja in kartona
28.950;Proizvodnja strojev za industrijo papirja in kartona
28.96;Proizvodnja strojev za plastiko in gumo
28.960;Proizvodnja strojev za plastiko in gumo
28.99;Proizvodnja strojev za druge posebne namene
28.990;Proizvodnja strojev za druge posebne namene
29;Proizvodnja motornih vozil, prikolic in polprikolic
29.1;Proizvodnja motornih vozil
29.10;Proizvodnja motornih vozil
29.100;Proizvodnja motornih vozil
29.2;Proizvodnja karoserij za vozila, proizvodnja prikolic, polprikolic
29.20;Proizvodnja karoserij za vozila, proizvodnja prikolic, polprikolic
29.200;Proizvodnja karoserij za vozila, proizvodnja prikolic, polprikolic
29.3;Proizvodnja delov in opreme za motorna vozila
29.31;Proizvodnja električne in elektronske opreme za motorna vozila
29.310;Proizvodnja električne in elektronske opreme za motorna vozila
29.32;Proizvodnja drugih delov in opreme za motorna vozila
29.320;Proizvodnja drugih delov in opreme za motorna vozila
30;Proizvodnja drugih vozil in plovil
30.1;Gradnja ladij in čolnov
30.11;Gradnja ladij in plavajočih konstrukcij
30.110;Gradnja ladij in plavajočih konstrukcij
30.12;Proizvodnja čolnov za razvedrilo in šport
30.120;Proizvodnja čolnov za razvedrilo in šport
30.2;Proizvodnja železniških in drugih tirnih vozil
30.20;Proizvodnja železniških in drugih tirnih vozil
30.200;Proizvodnja železniških in drugih tirnih vozil
30.3;Proizvodnja zračnih in vesoljskih plovil
30.30;Proizvodnja zračnih in vesoljskih plovil
30.300;Proizvodnja zračnih in vesoljskih plovil
30.4;Proizvodnja bojnih vozil
30.40;Proizvodnja bojnih vozil
30.400;Proizvodnja bojnih vozil
30.9;Proizvodnja drugih vozil
30.91;Proizvodnja motornih koles
30.910;Proizvodnja motornih koles
30.92;Proizvodnja koles in invalidskih vozičkov
30.920;Proizvodnja koles in invalidskih vozičkov
30.99;Proizvodnja vprežnih in drugih vozil
30.990;Proizvodnja vprežnih in drugih vozil
31;Proizvodnja pohištva
31.0;Proizvodnja pohištva
31.01;Proizvodnja pohištva za poslovne in prodajne prostore
31.010;Proizvodnja pohištva za poslovne in prodajne prostore
31.02;Proizvodnja kuhinjskega pohištva
31.020;Proizvodnja kuhinjskega pohištva
31.03;Proizvodnja žimnic
31.030;Proizvodnja žimnic
31.09;Proizvodnja drugega pohištva
31.090;Proizvodnja drugega pohištva
32;Druge raznovrstne predelovalne dejavnosti
32.1;Proizvodnja nakita, bižuterije in podobnih izdelkov
32.11;Kovanje kovancev
32.110;Kovanje kovancev
32.12;Proizvodnja nakita in podobnih izdelkov
32.120;Proizvodnja nakita in podobnih izdelkov
32.13;Proizvodnja bižuterije
32.130;Proizvodnja bižuterije
32.2;Proizvodnja glasbil
32.20;Proizvodnja glasbil
32.200;Proizvodnja glasbil
32.3;Proizvodnja športne opreme
32.30;Proizvodnja športne opreme
32.300;Proizvodnja športne opreme
32.4;Proizvodnja igrač in rekvizitov za igre in zabavo
32.40;Proizvodnja igrač in rekvizitov za igre in zabavo
32.400;Proizvodnja igrač in rekvizitov za igre in zabavo
32.5;Proizvodnja medicinskih instrumentov, naprav in pripomočkov
32.50;Proizvodnja medicinskih instrumentov, naprav in pripomočkov
32.500;Proizvodnja medicinskih instrumentov, naprav in pripomočkov
32.9;Druge predelovalne dejavnosti
32.91;Proizvodnja metel in krtač
32.910;Proizvodnja metel in krtač
32.99;Drugje nerazvrščene predelovalne dejavnosti
32.990;Drugje nerazvrščene predelovalne dejavnosti
33;Popravila in montaža strojev in naprav
33.1;Popravila kovinskih izdelkov, strojev in naprav
33.11;Popravila kovinskih izdelkov
33.110;Popravila kovinskih izdelkov
33.12;Popravila strojev in naprav
33.120;Popravila strojev in naprav
33.13;Popravila elektronskih in optičnih naprav
33.130;Popravila elektronskih in optičnih naprav
33.14;Popravila električnih naprav
33.140;Popravila električnih naprav
33.15;Popravila in vzdrževanje ladij in čolnov
33.150;Popravila in vzdrževanje ladij in čolnov
33.16;Popravila in vzdrževanje zračnih in vesoljskih plovil
33.160;Popravila in vzdrževanje zračnih in vesoljskih plovil
33.17;Popravila in vzdrževanje drugih prevoznih sredstev
33.170;Popravila in vzdrževanje drugih prevoznih sredstev
33.19;Popravila drugih naprav
33.190;Popravila drugih naprav
33.2;Montaža industrijskih strojev in naprav
33.20;Montaža industrijskih strojev in naprav
33.200;Montaža industrijskih strojev in naprav
35;Oskrba z električno energijo, plinom in paro
35.1;Oskrba z električno energijo
35.11;Proizvodnja električne energije
35.111;Proizvodnja elektrike v hidroelektrarnah
35.112;Proizvodnja elektrike v termoelektrarnah, jedrskih elektrarnah
35.119;Druga proizvodnja električne energije
35.12;Prenos električne energije
35.120;Prenos električne energije
35.13;Distribucija električne energije
35.130;Distribucija električne energije
35.14;Trgovanje z električno energijo
35.140;Trgovanje z električno energijo
35.2;Oskrba s plinastimi gorivi
35.21;Proizvodnja plina
35.210;Proizvodnja plina
35.22;Distribucija plinastih goriv po plinovodni mreži
35.220;Distribucija plinastih goriv po plinovodni mreži
35.23;Trgovanje s plinastimi gorivi po plinovodni mreži
35.230;Trgovanje s plinastimi gorivi po plinovodni mreži
35.3;Oskrba s paro in vročo vodo
35.30;Oskrba s paro in vročo vodo
35.300;Oskrba s paro in vročo vodo
36;Zbiranje, prečiščevanje in distribucija vode
36.0;Zbiranje, prečiščevanje in distribucija vode
36.00;Zbiranje, prečiščevanje in distribucija vode
36.000;Zbiranje, prečiščevanje in distribucija vode
37;Ravnanje z odplakami
37.0;Ravnanje z odplakami
37.00;Ravnanje z odplakami
37.000;Ravnanje z odplakami
38;Zbiranje in odvoz odpadkov ter ravnanje z njimi, pridobivanje sekundarnih surovin
38.1;Zbiranje in odvoz odpadkov
38.11;Zbiranje in odvoz nenevarnih odpadkov
38.110;Zbiranje in odvoz nenevarnih odpadkov
38.12;Zbiranje in odvoz nevarnih odpadkov
38.120;Zbiranje in odvoz nevarnih odpadkov
38.2;Ravnanje z odpadki
38.21;Ravnanje z nenevarnimi odpadki
38.210;Ravnanje z nenevarnimi odpadki
38.22;Ravnanje z nevarnimi odpadki
38.220;Ravnanje z nevarnimi odpadki
38.3;Pridobivanje sekundarnih surovin
38.31;Demontaža odpadnih naprav
38.310;Demontaža odpadnih naprav
38.32;Pridobivanje sekundarnih surovin iz ostankov in odpadkov
38.320;Pridobivanje sekundarnih surovin iz ostankov in odpadkov
39;Saniranje okolja in drugo ravnanje z odpadki
39.0;Saniranje okolja in drugo ravnanje z odpadki
39.00;Saniranje okolja in drugo ravnanje z odpadki
39.000;Saniranje okolja in drugo ravnanje z odpadki
41;Gradnja stavb
41.1;Organizacija izvedbe stavbnih projektov
41.10;Organizacija izvedbe stavbnih projektov
41.100;Organizacija izvedbe stavbnih projektov
41.2;Gradnja stanovanjskih in nestanovanjskih stavb
41.20;Gradnja stanovanjskih in nestanovanjskih stavb
41.200;Gradnja stanovanjskih in nestanovanjskih stavb
42;Gradnja inženirskih objektov
42.1;Gradnja cest in železnic
42.11;Gradnja cest
42.110;Gradnja cest
42.12;Gradnja železnic in podzemnih železnic
42.120;Gradnja železnic in podzemnih železnic
42.13;Gradnja mostov in predorov
42.130;Gradnja mostov in predorov
42.2;Gradnja objektov oskrbne infrastrukture
42.21;Gradnja objektov oskrbne infrastrukture za tekočine in pline
42.210;Gradnja objektov oskrbne infrastrukture za tekočine in pline
42.22;Gradnja objektov oskrbne infrastrukture za elektriko in telekomunikacije
42.220;Gradnja objektov oskrbne infrastrukture za elektriko in telekomunikacije
42.9;Gradnja drugih inženirskih objektov
42.91;Gradnja vodnih objektov
42.910;Gradnja vodnih objektov
42.99;Gradnja drugih objektov nizke gradnje
42.990;Gradnja drugih objektov nizke gradnje
43;Specializirana gradbena dela
43.1;Pripravljalna dela na gradbišču
43.11;Rušenje objektov
43.110;Rušenje objektov
43.12;Zemeljska pripravljalna dela
43.120;Zemeljska pripravljalna dela
43.13;Testno vrtanje in sondiranje
43.130;Testno vrtanje in sondiranje
43.2;Inštaliranje pri gradnjah
43.21;Inštaliranje električnih napeljav in naprav
43.210;Inštaliranje električnih napeljav in naprav
43.22;Inštaliranje vodovodnih, plinskih in ogrevalnih napeljav in naprav
43.220;Inštaliranje vodovodnih, plinskih in ogrevalnih napeljav in naprav
43.29;Drugo inštaliranje pri gradnjah
43.290;Drugo inštaliranje pri gradnjah
43.3;Zaključna gradbena dela
43.31;Fasaderska in štukaterska dela
43.310;Fasaderska in štukaterska dela
43.32;Vgrajevanje stavbnega pohištva
43.320;Vgrajevanje stavbnega pohištva
43.33;Oblaganje tal in sten
43.330;Oblaganje tal in sten
43.34;Steklarska in pleskarska dela
43.341;Steklarska dela
43.342;Pleskarska dela
43.39;Druga zaključna gradbena dela
43.390;Druga zaključna gradbena dela
43.9;Krovstvo in druga specializirana gradbena dela
43.91;Postavljanje ostrešij in krovska dela
43.910;Postavljanje ostrešij in krovska dela
43.99;Druga specializirana gradbena dela
43.990;Druga specializirana gradbena dela
45;Trgovina z motornimi vozili in popravila motornih vozil
45.1;Trgovina z motornimi vozili
45.11;Trgovina z avtomobili in lahkimi motornimi vozili
45.110;Trgovina z avtomobili in lahkimi motornimi vozili
45.19;Trgovina z drugimi motornimi vozili
45.190;Trgovina z drugimi motornimi vozili
45.2;Vzdrževanje in popravila motornih vozil
45.20;Vzdrževanje in popravila motornih vozil
45.200;Vzdrževanje in popravila motornih vozil
45.3;Trgovina z rezervnimi deli in opremo za motorna vozila
45.31;Trgovina na debelo z rezervnimi deli in opremo za motorna vozila
45.310;Trgovina na debelo z rezervnimi deli in opremo za motorna vozila
45.32;Trgovina na drobno z rezervnimi deli in opremo za motorna vozila
45.320;Trgovina na drobno z rezervnimi deli in opremo za motorna vozila
45.4;Trgovina, vzdrževanje in popravila motornih koles, trgovina z njihovimi deli in opremo
45.40;Trgovina, vzdrževanje in popravila motornih koles, trgovina z njihovimi deli in opremo
45.400;Trgovina, vzdrževanje in popravila motornih koles, trgovina z njihovimi deli in opremo
46;Posredništvo in trgovina na debelo, razen z motornimi vozili
46.1;Posredništvo
46.11;Posredništvo pri prodaji kmetijskih surovin, živih živali, tekstilnih surovin, polizdelkov
46.110;Posredništvo pri prodaji kmetijskih surovin, živih živali, tekstilnih surovin, polizdelkov
46.12;Posredništvo pri prodaji goriv, rud, kovin, tehničnih kemikalij
46.120;Posredništvo pri prodaji goriv, rud, kovin, tehničnih kemikalij
46.13;Posredništvo pri prodaji lesa in gradbenega materiala
46.130;Posredništvo pri prodaji lesa in gradbenega materiala
46.14;Posredništvo pri prodaji strojev, industrijske opreme, ladij, letal
46.140;Posredništvo pri prodaji strojev, industrijske opreme, ladij, letal
46.15;Posredništvo pri prodaji pohištva, predmetov in naprav za gospodinjstvo in železnine
46.150;Posredništvo pri prodaji pohištva, predmetov in naprav za gospodinjstvo in železnine
46.16;Posredništvo pri prodaji tekstila, oblačil, krzna, obutve, usnjenih izdelkov
46.160;Posredništvo pri prodaji tekstila, oblačil, krzna, obutve, usnjenih izdelkov
46.17;Posredništvo pri prodaji živil, pijač, tobačnih izdelkov
46.170;Posredništvo pri prodaji živil, pijač, tobačnih izdelkov
46.18;Specializirano posredništvo pri prodaji drugih določenih izdelkov
46.180;Specializirano posredništvo pri prodaji drugih določenih izdelkov
46.19;Nespecializirano posredništvo pri prodaji raznovrstnih izdelkov
46.190;Nespecializirano posredništvo pri prodaji raznovrstnih izdelkov
46.2;Trgovina na debelo s kmetijskimi surovinami in živimi živalmi
46.21;Trgovina na debelo z žiti, tobakom, semeni in krmo
46.210;Trgovina na debelo z žiti, tobakom, semeni in krmo
46.22;Trgovina na debelo s cvetjem in rastlinami
46.220;Trgovina na debelo s cvetjem in rastlinami
46.23;Trgovina na debelo z živimi živalmi
46.230;Trgovina na debelo z živimi živalmi
46.24;Trgovina na debelo s kožami, usnjem
46.240;Trgovina na debelo s kožami, usnjem
46.3;Trgovina na debelo z živili, pijačami, tobačnimi izdelki
46.31;Trgovina na debelo s sadjem in zelenjavo
46.310;Trgovina na debelo s sadjem in zelenjavo
46.32;Trgovina na debelo z mesom in mesnimi izdelki
46.320;Trgovina na debelo z mesom in mesnimi izdelki
46.33;Trgovina na debelo z mlekom, mlečnimi izdelki, jajci, jedilnimi olji in maščobami
46.330;Trgovina na debelo z mlekom, mlečnimi izdelki, jajci, jedilnimi olji in maščobami
46.34;Trgovina na debelo s pijačami
46.340;Trgovina na debelo s pijačami
46.35;Trgovina na debelo s tobačnimi izdelki
46.350;Trgovina na debelo s tobačnimi izdelki
46.36;Trgovina na debelo s sladkorjem, čokolado, sladkornimi izdelki
46.360;Trgovina na debelo s sladkorjem, čokolado, sladkornimi izdelki
46.37;Trgovina na debelo s kavo, čajem, kakavom, začimbami
46.370;Trgovina na debelo s kavo, čajem, kakavom, začimbami
46.38;Trgovina na debelo z drugimi živili, tudi z ribami, raki, mehkužci
46.380;Trgovina na debelo z drugimi živili, tudi z ribami, raki, mehkužci
46.39;Nespecializirana trgovina na debelo z živili, pijačami, tobačnimi izdelki
46.390;Nespecializirana trgovina na debelo z živili, pijačami, tobačnimi izdelki
46.4;Trgovina na debelo z izdelki za široko rabo
46.41;Trgovina na debelo s tekstilom
46.410;Trgovina na debelo s tekstilom
46.42;Trgovina na debelo z oblačili in obutvijo
46.420;Trgovina na debelo z oblačili in obutvijo
46.43;Trgovina na debelo z električnimi gospodinjskimi napravami
46.430;Trgovina na debelo z električnimi gospodinjskimi napravami
46.44;Trgovina na debelo s porcelanom, steklenino, čistili
46.440;Trgovina na debelo s porcelanom, steklenino, čistili
46.45;Trgovina na debelo s parfumi in kozmetiko
46.450;Trgovina na debelo s parfumi in kozmetiko
46.46;Trgovina na debelo s farmacevtskimi izdelki ter medicinskimi potrebščinami in materiali
46.460;Trgovina na debelo s farmacevtskimi izdelki ter medicinskimi potrebščinami in materiali
46.47;Trgovina na debelo s pohištvom, preprogami in svetili
46.470;Trgovina na debelo s pohištvom, preprogami in svetili
46.48;Trgovina na debelo z urami in nakitom
46.480;Trgovina na debelo z urami in nakitom
46.49;Trgovina na debelo z drugimi izdelki široke porabe
46.490;Trgovina na debelo z drugimi izdelki široke porabe
46.5;Trgovina na debelo z napravami za informacijsko-komunikacijsko tehnologijo
46.51;Trgovina na debelo z računalniškimi napravami
46.510;Trgovina na debelo z računalniškimi napravami
46.52;Trgovina na debelo z elektronskimi in telekomunikacijskimi napravami in deli
46.520;Trgovina na debelo z elektronskimi in telekomunikacijskimi napravami in deli
46.6;Trgovina na debelo s stroji, napravami, opremo
46.61;Trgovina na debelo s kmetijskimi stroji, priključki, opremo
46.610;Trgovina na debelo s kmetijskimi stroji, priključki, opremo
46.62;Trgovina na debelo z obdelovalnimi stroji
46.620;Trgovina na debelo z obdelovalnimi stroji
46.63;Trgovina na debelo z rudarskimi in gradbenimi stroji
46.630;Trgovina na debelo z rudarskimi in gradbenimi stroji
46.64;Trgovina na debelo s stroji za tekstilno industrijo
46.640;Trgovina na debelo s stroji za tekstilno industrijo
46.65;Trgovina na debelo s pisarniškim pohištvom
46.650;Trgovina na debelo s pisarniškim pohištvom
46.66;Trgovina na debelo s pisarniškimi stroji in opremo
46.660;Trgovina na debelo s pisarniškimi stroji in opremo
46.69;Trgovina na debelo z drugimi napravami in opremo
46.690;Trgovina na debelo z drugimi napravami in opremo
46.7;Druga specializirana trgovina na debelo
46.71;Trgovina na debelo s trdimi, tekočimi in plinastimi gorivi
46.710;Trgovina na debelo s trdimi, tekočimi in plinastimi gorivi
46.72;Trgovina na debelo s kovinami in rudami
46.720;Trgovina na debelo s kovinami in rudami
46.73;Trgovina na debelo z lesom, gradbenim materialom in sanitarno opremo
46.730;Trgovina na debelo z lesom, gradbenim materialom in sanitarno opremo
46.74;Trgovina na debelo s kovinskimi proizvodi, inštalacijskim materialom, napravami za ogrevanje
46.740;Trgovina na debelo s kovinskimi proizvodi, inštalacijskim materialom, napravami za ogrevanje
46.75;Trgovina na debelo s kemičnimi izdelki
46.750;Trgovina na debelo s kemičnimi izdelki
46.76;Trgovina na debelo z drugimi polizdelki
46.760;Trgovina na debelo z drugimi polizdelki
46.77;Trgovina na debelo z ostanki in odpadki
46.770;Trgovina na debelo z ostanki in odpadki
46.9;Nespecializirana trgovina na debelo
46.90;Nespecializirana trgovina na debelo
46.900;Nespecializirana trgovina na debelo
47;Trgovina na drobno, razen z motornimi vozili
47.1;Trgovina na drobno v nespecializiranih prodajalnah
47.11;Trgovina na drobno v nespecializiranih prodajalnah, pretežno z živili
47.110;Trgovina na drobno v nespecializiranih prodajalnah, pretežno z živili
47.19;Druga trgovina na drobno v nespecializiranih prodajalnah
47.190;Druga trgovina na drobno v nespecializiranih prodajalnah
47.2;Trgovina na drobno v specializiranih prodajalnah z živili, pijačami in tobačnimi izdelki
47.21;Trgovina na drobno v specializiranih prodajalnah s sadjem in zelenjavo
47.210;Trgovina na drobno v specializiranih prodajalnah s sadjem in zelenjavo
47.22;Trgovina na drobno v specializiranih prodajalnah z mesom in mesnimi izdelki
47.220;Trgovina na drobno v specializiranih prodajalnah z mesom in mesnimi izdelki
47.23;Trgovina na drobno v specializiranih prodajalnah z ribami, raki, mehkužci
47.230;Trgovina na drobno v specializiranih prodajalnah z ribami, raki, mehkužci
47.24;Trgovina na drobno v specializiranih prodajalnah s kruhom, pecivom, testeninami, sladkornimi izdelki
47.240;Trgovina na drobno v specializiranih prodajalnah s kruhom, pecivom, testeninami, sladkornimi izdelki
47.25;Trgovina na drobno v specializiranih prodajalnah s pijačami
47.250;Trgovina na drobno v specializiranih prodajalnah s pijačami
47.26;Trgovina na drobno v specializiranih prodajalnah s tobačnimi izdelki
47.260;Trgovina na drobno v specializiranih prodajalnah s tobačnimi izdelki
47.29;Druga trgovina na drobno v specializiranih prodajalnah z živili
47.290;Druga trgovina na drobno v specializiranih prodajalnah z živili
47.3;Trgovina na drobno v specializiranih prodajalnah z motornimi gorivi
47.30;Trgovina na drobno v specializiranih prodajalnah z motornimi gorivi
47.301;Trgovina na drobno z lastnimi motornimi gorivi
47.302;Posredništvo pri prodaji motornih goriv na drobno
47.4;Trgovina na drobno v specializiranih prodajalnah z računalniškimi, komunikacijskimi, avdio in video napravami
47.41;Trgovina na drobno v specializiranih prodajalnah z računalniškimi napravami in programi
47.410;Trgovina na drobno v specializiranih prodajalnah z računalniškimi napravami in programi
47.42;Trgovina na drobno v specializiranih prodajalnah s telekomunikacijskimi napravami
47.420;Trgovina na drobno v specializiranih prodajalnah s telekomunikacijskimi napravami
47.43;Trgovina na drobno v specializiranih prodajalnah z avdio in video napravami
47.430;Trgovina na drobno v specializiranih prodajalnah z avdio in video napravami
47.5;Trgovina na drobno v specializiranih prodajalnah z drugo gospodinjsko opremo
47.51;Trgovina na drobno v specializiranih prodajalnah s tekstilom
47.510;Trgovina na drobno v specializiranih prodajalnah s tekstilom
47.52;Trgovina na drobno v specializiranih prodajalnah z gradbenim materialom, kovinskimi izdelki, barvami in steklom
47.520;Trgovina na drobno v specializiranih prodajalnah z gradbenim materialom, kovinskimi izdelki, barvami in steklom
47.53;Trgovina na drobno v specializiranih prodajalnah s preprogami, talnimi in stenskimi oblogami
47.530;Trgovina na drobno v specializiranih prodajalnah s preprogami, talnimi in stenskimi oblogami
47.54;Trgovina na drobno v specializiranih prodajalnah z električnimi gospodinjskimi napravami
47.540;Trgovina na drobno v specializiranih prodajalnah z električnimi gospodinjskimi napravami
47.59;Trgovina na drobno v specializiranih prodajalnah s pohištvom, svetili in drugje nerazvrščenimi predmeti za gospodinjstvo
47.590;Trgovina na drobno v specializiranih prodajalnah s pohištvom, svetili in drugje nerazvrščenimi predmeti za gospodinjstvo
47.6;Trgovina na drobno v specializiranih prodajalnah z izdelki za kulturo, šport in zabavo
47.61;Trgovina na drobno v specializiranih prodajalnah s knjigami
47.610;Trgovina na drobno v specializiranih prodajalnah s knjigami
47.62;Trgovina na drobno v specializiranih prodajalnah s časopisi, revijami, papirjem, pisalnimi potrebščinami
47.621;Trgovina na drobno v specializiranih prodajalnah s časopisi in revijami
47.622;Trgovina na drobno v specializiranih prodajalnah s papirjem in pisalnimi potrebščinami
47.63;Trgovina na drobno v specializiranih prodajalnah z glasbenimi in video zapisi
47.630;Trgovina na drobno v specializiranih prodajalnah z glasbenimi in video zapisi
47.64;Trgovina na drobno v specializiranih prodajalnah s športno opremo
47.640;Trgovina na drobno v specializiranih prodajalnah s športno opremo
47.65;Trgovina na drobno v specializiranih prodajalnah z igračami in rekviziti za igre in zabavo
47.650;Trgovina na drobno v specializiranih prodajalnah z igračami in rekviziti za igre in zabavo
47.7;Trgovina na drobno v specializiranih prodajalnah z drugimi izdelki
47.71;Trgovina na drobno v specializiranih prodajalnah z oblačili
47.710;Trgovina na drobno v specializiranih prodajalnah z oblačili
47.72;Trgovina na drobno v specializiranih prodajalnah z obutvijo in usnjenimi izdelki
47.720;Trgovina na drobno v specializiranih prodajalnah z obutvijo in usnjenimi izdelki
47.73;Trgovina na drobno v specializiranih prodajalnah s farmacevtskimi izdelki
47.730;Trgovina na drobno v specializiranih prodajalnah s farmacevtskimi izdelki
47.74;Trgovina na drobno v specializiranih prodajalnah z medicinskimi in ortopedskimi pripomočki
47.740;Trgovina na drobno v specializiranih prodajalnah z medicinskimi in ortopedskimi pripomočki
47.75;Trgovina na drobno v specializiranih prodajalnah s kozmetičnimi in toaletnimi izdelki
47.750;Trgovina na drobno v specializiranih prodajalnah s kozmetičnimi in toaletnimi izdelki
47.76;Trgovina na drobno v specializiranih prodajalnah s cvetjem, rastlinami, gnojili, hišnimi živalmi in hrano za živali
47.761;Trgovina na drobno v cvetličarnah
47.762;Trgovina na drobno v specializiranih prodajalnah z vrtnarsko opremo in hišnimi živalmi
47.77;Trgovina na drobno v specializiranih prodajalnah z urami in nakitom
47.770;Trgovina na drobno v specializiranih prodajalnah z urami in nakitom
47.78;Druga trgovina na drobno v specializiranih prodajalnah z novim blagom
47.781;Trgovina na drobno v specializiranih prodajalnah z očali
47.782;Trgovina na drobno v specializiranih prodajalnah z umetniškimi izdelki
47.789;Druga trgovina na drobno v drugih specializiranih prodajalnah
47.79;Trgovina na drobno v prodajalnah z rabljenim blagom
47.790;Trgovina na drobno v prodajalnah z rabljenim blagom
47.8;Trgovina na drobno na stojnicah in tržnicah
47.81;Trgovina na drobno na stojnicah in tržnicah z živili, pijačami in tobačnimi izdelki
47.810;Trgovina na drobno na stojnicah in tržnicah z živili, pijačami in tobačnimi izdelki
47.82;Trgovina na drobno na stojnicah in tržnicah s tekstilijami in obutvijo
47.820;Trgovina na drobno na stojnicah in tržnicah s tekstilijami in obutvijo
47.89;Trgovina na drobno na stojnicah in tržnicah z drugim blagom
47.890;Trgovina na drobno na stojnicah in tržnicah z drugim blagom
47.9;Trgovina na drobno zunaj prodajaln, stojnic in tržnic
47.91;Trgovina na drobno po pošti ali po internetu
47.910;Trgovina na drobno po pošti ali po internetu
47.99;Druga trgovina na drobno zunaj prodajaln, stojnic in tržnic
47.990;Druga trgovina na drobno zunaj prodajaln, stojnic in tržnic
49;Kopenski promet, cevovodni transport
49.1;Železniški potniški promet
49.10;Železniški potniški promet
49.100;Železniški potniški promet
49.2;Železniški tovorni promet
49.20;Železniški tovorni promet
49.200;Železniški tovorni promet
49.3;Drug kopenski potniški promet
49.31;Mestni in primestni kopenski potniški promet
49.310;Mestni in primestni kopenski potniški promet
49.32;Obratovanje taksijev
49.320;Obratovanje taksijev
49.39;Drug kopenski potniški promet
49.391;Medkrajevni in drug cestni potniški promet
49.392;Obratovanje žičnic
49.4;Cestni tovorni promet ter selitvena dejavnost
49.41;Cestni tovorni promet
49.410;Cestni tovorni promet
49.42;Selitvena dejavnost
49.420;Selitvena dejavnost
49.5;Cevovodni transport
49.50;Cevovodni transport
49.500;Cevovodni transport
50;Vodni promet
50.1;Pomorski potniški promet
50.10;Pomorski potniški promet
50.100;Pomorski potniški promet
50.2;Pomorski tovorni promet
50.20;Pomorski tovorni promet
50.200;Pomorski tovorni promet
50.3;Potniški promet po celinskih vodah
50.30;Potniški promet po celinskih vodah
50.300;Potniški promet po celinskih vodah
50.4;Tovorni promet po celinskih vodah
50.40;Tovorni promet po celinskih vodah
50.400;Tovorni promet po celinskih vodah
51;Zračni promet
51.1;Potniški zračni promet
51.10;Potniški zračni promet
51.100;Potniški zračni promet
51.2;Tovorni zračni in vesoljski promet
51.21;Tovorni zračni promet
51.210;Tovorni zračni promet
51.22;Vesoljski promet
51.220;Vesoljski promet
52;Skladiščenje in spremljajoče prometne dejavnosti
52.1;Skladiščenje
52.10;Skladiščenje
52.100;Skladiščenje
52.2;Spremljajoče prometne dejavnosti
52.21;Spremljajoče storitvene dejavnosti v kopenskem prometu
52.210;Spremljajoče storitvene dejavnosti v kopenskem prometu
52.22;Spremljajoče storitvene dejavnosti v vodnem prometu
52.220;Spremljajoče storitvene dejavnosti v vodnem prometu
52.23;Spremljajoče storitvene dejavnosti v zračnem prometu
52.230;Spremljajoče storitvene dejavnosti v zračnem prometu
52.24;Pretovarjanje
52.240;Pretovarjanje
52.29;Špedicija in druge spremljajoče prometne dejavnosti
52.290;Špedicija in druge spremljajoče prometne dejavnosti
53;Poštna in kurirska dejavnost
53.1;Izvajanje univerzalne poštne storitve
53.10;Izvajanje univerzalne poštne storitve
53.100;Izvajanje univerzalne poštne storitve
53.2;Druga poštna in kurirska dejavnost
53.20;Druga poštna in kurirska dejavnost
53.200;Druga poštna in kurirska dejavnost
55;Gostinske nastanitvene dejavnosti
55.1;Dejavnost hotelov in podobnih nastanitvenih obratov
55.10;Dejavnost hotelov in podobnih nastanitvenih obratov
55.100;Dejavnost hotelov in podobnih nastanitvenih obratov
55.2;Dejavnost počitniških domov in podobnih nastanitvenih obratov za kratkotrajno bivanje
55.20;Dejavnost počitniških domov in podobnih nastanitvenih obratov za kratkotrajno bivanje
55.201;Počitniški domovi in letovišča
55.202;Turistične kmetije s sobami
55.203;Oddajanje zasebnih sob gostom
55.204;Planinski domovi in mladinska prenočišča
55.209;Druge nastanitve za krajši čas
55.3;Dejavnost avtokampov, taborov
55.30;Dejavnost avtokampov, taborov
55.300;Dejavnost avtokampov, taborov
55.9;Dejavnost dijaških in študentskih domov ter druge nastanitve
55.90;Dejavnost dijaških in študentskih domov ter druge nastanitve
55.900;Dejavnost dijaških in študentskih domov ter druge nastanitve
56;Dejavnost strežbe jedi in pijač
56.1;Dejavnost restavracij in druga strežba jedi
56.10;Dejavnost restavracij in druga strežba jedi
56.101;Restavracije in gostilne
56.102;Okrepčevalnice in podobni obrati
56.103;Slaščičarne in kavarne
56.104;Začasni gostinski obrati
56.105;Turistične kmetije brez sob
56.2;Priložnostna priprava in dostava jedi ter druga oskrba z jedmi
56.21;Priložnostna priprava in dostava jedi
56.210;Priložnostna priprava in dostava jedi
56.29;Druga oskrba z jedmi
56.290;Druga oskrba z jedmi
56.3;Strežba pijač
56.30;Strežba pijač
56.300;Strežba pijač
58;Založništvo
58.1;Izdajanje knjig, periodike in drugo založništvo
58.11;Izdajanje knjig
58.110;Izdajanje knjig
58.12;Izdajanje imenikov in adresarjev
58.120;Izdajanje imenikov in adresarjev
58.13;Izdajanje časopisov
58.130;Izdajanje časopisov
58.14;Izdajanje revij in druge periodike
58.140;Izdajanje revij in druge periodike
58.19;Drugo založništvo
58.190;Drugo založništvo
58.2;Izdajanje programja
58.21;Izdajanje računalniških iger
58.210;Izdajanje računalniških iger
58.29;Drugo izdajanje programja
58.290;Drugo izdajanje programja
59;Dejavnosti v zvezi s filmi, video- in zvočnimi zapisi
59.1;Filmska in video dejavnost
59.11;Produkcija filmov, video filmov, televizijskih oddaj
59.110;Produkcija filmov, video filmov, televizijskih oddaj
59.12;Post produkcijske dejavnosti pri izdelavi filmov, video filmov, televizijskih oddaj
59.120;Post produkcijske dejavnosti pri izdelavi filmov, video filmov, televizijskih oddaj
59.13;Distribucija filmov, video filmov, televizijskih oddaj
59.130;Distribucija filmov, video filmov, televizijskih oddaj
59.14;Kinematografska dejavnost
59.140;Kinematografska dejavnost
59.2;Snemanje in izdajanje zvočnih zapisov in muzikalij
59.20;Snemanje in izdajanje zvočnih zapisov in muzikalij
59.200;Snemanje in izdajanje zvočnih zapisov in muzikalij
60;Radijska in televizijska dejavnost
60.1;Radijska dejavnost
60.10;Radijska dejavnost
60.100;Radijska dejavnost
60.2;Televizijska dejavnost
60.20;Televizijska dejavnost
60.200;Televizijska dejavnost
61;Telekomunikacijske dejavnosti
61.1;Telekomunikacijske dejavnosti po vodih
61.10;Telekomunikacijske dejavnosti po vodih
61.100;Telekomunikacijske dejavnosti po vodih
61.2;Brezžične telekomunikacijske dejavnosti
61.20;Brezžične telekomunikacijske dejavnosti
61.200;Brezžične telekomunikacijske dejavnosti
61.3;Satelitske telekomunikacijske dejavnosti
61.30;Satelitske telekomunikacijske dejavnosti
61.300;Satelitske telekomunikacijske dejavnosti
61.9;Druge telekomunikacijske dejavnosti
61.90;Druge telekomunikacijske dejavnosti
61.900;Druge telekomunikacijske dejavnosti
62;Računalniško programiranje, svetovanje in druge s tem povezane dejavnosti
62.0;Računalniško programiranje, svetovanje in druge s tem povezane dejavnosti
62.01;Računalniško programiranje
62.010;Računalniško programiranje
62.02;Svetovanje o računalniških napravah in programih
62.020;Svetovanje o računalniških napravah in programih
62.03;Upravljanje računalniških naprav in sistemov
62.030;Upravljanje računalniških naprav in sistemov
62.09;Druge z informacijsko tehnologijo in računalniškimi storitvami povezane dejavnosti
62.090;Druge z informacijsko tehnologijo in računalniškimi storitvami povezane dejavnosti
63;Druge informacijske dejavnosti
63.1;Obdelava podatkov in s tem povezane dejavnosti, obratovanje spletnih portalov
63.11;Obdelava podatkov in s tem povezane dejavnosti
63.110;Obdelava podatkov in s tem povezane dejavnosti
63.12;Obratovanje spletnih portalov
63.120;Obratovanje spletnih portalov
63.9;Dejavnosti tiskovnih agencij, drugo informiranje
63.91;Dejavnost tiskovnih agencij
63.910;Dejavnost tiskovnih agencij
63.99;Drugo informiranje
63.990;Drugo informiranje
64;Dejavnosti finančnih storitev, razen zavarovalništva in dejavnosti pokojninskih skladov
64.1;Denarno posredništvo
64.11;Centralno bančništvo
64.110;Centralno bančništvo
64.19;Drugo denarno posredništvo
64.190;Drugo denarno posredništvo
64.2;Dejavnost holdingov
64.20;Dejavnost holdingov
64.200;Dejavnost holdingov
64.3;Dejavnost skrbniških in drugih skladov ter podobnih finančnih subjektov
64.30;Dejavnost skrbniških in drugih skladov ter podobnih finančnih subjektov
64.300;Dejavnost skrbniških in drugih skladov ter podobnih finančnih subjektov
64.9;Dejavnosti finančnih storitev, razen zavarovalništva in dejavnosti pokojninskih skladov
64.91;Dejavnost finančnega zakupa
64.910;Dejavnost finančnega zakupa
64.92;Drugo kreditiranje
64.920;Drugo kreditiranje
64.99;Drugje nerazvrščene dejavnosti finančnih storitev, razen zavarovalništva in dejavnosti pokojninskih skladov
64.990;Drugje nerazvrščene dejavnosti finančnih storitev, razen zavarovalništva in dejavnosti pokojninskih skladov
65;Dejavnosti zavarovanja, pozavarovanja in pokojninskih skladov, razen obvezne socialne varnosti
65.1;Dejavnost zavarovanja
65.11;Dejavnost življenjskega zavarovanja
65.110;Dejavnost življenjskega zavarovanja
65.12;Dejavnost zavarovanja, razen življenjskega
65.120;Dejavnost zavarovanja, razen življenjskega
65.2;Dejavnost pozavarovanja
65.20;Dejavnost pozavarovanja
65.200;Dejavnost pozavarovanja
65.3;Dejavnost pokojninskih skladov
65.30;Dejavnost pokojninskih skladov
65.300;Dejavnost pokojninskih skladov
66;Pomožne dejavnosti za finančne in zavarovalniške storitve
66.1;Pomožne dejavnosti za finančne storitve, razen za zavarovalništvo in pokojninske sklade
66.11;Upravljanje finančnih trgov
66.110;Upravljanje finančnih trgov
66.12;Posredništvo pri trgovanju z vrednostnimi papirji in borznim blagom
66.120;Posredništvo pri trgovanju z vrednostnimi papirji in borznim blagom
66.19;Druge pomožne dejavnosti za finančne storitve, razen za zavarovalništvo in pokojninske sklade
66.190;Druge pomožne dejavnosti za finančne storitve, razen za zavarovalništvo in pokojninske sklade
66.2;Pomožne dejavnosti za zavarovalništvo in pokojninske sklade
66.21;Vrednotenje tveganja in škode
66.210;Vrednotenje tveganja in škode
66.22;Dejavnost zavarovalniških agentov
66.220;Dejavnost zavarovalniških agentov
66.29;Druge pomožne dejavnosti za zavarovalništvo in pokojninske sklade
66.290;Druge pomožne dejavnosti za zavarovalništvo in pokojninske sklade
66.3;Upravljanje finančnih skladov
66.30;Upravljanje finančnih skladov
66.300;Upravljanje finančnih skladov
68;Poslovanje z nepremičninami
68.1;Trgovanje z lastnimi nepremičninami
68.10;Trgovanje z lastnimi nepremičninami
68.100;Trgovanje z lastnimi nepremičninami
68.2;Oddajanje in obratovanje lastnih ali najetih nepremičnin
68.20;Oddajanje in obratovanje lastnih ali najetih nepremičnin
68.200;Oddajanje in obratovanje lastnih ali najetih nepremičnin
68.3;Poslovanje z nepremičninami za plačilo ali po pogodbi
68.31;Posredništvo v prometu z nepremičninami
68.310;Posredništvo v prometu z nepremičninami
68.32;Upravljanje nepremičnin za plačilo ali po pogodbi
68.320;Upravljanje nepremičnin za plačilo ali po pogodbi
69;Pravne in računovodske dejavnosti
69.1;Pravne dejavnosti
69.10;Pravne dejavnosti
69.101;Odvetništvo
69.102;Notariat
69.103;Druge pravne dejavnosti, razen zastopanja strank
69.2;Računovodske, knjigovodske in revizijske dejavnosti, davčno svetovanje
69.20;Računovodske, knjigovodske in revizijske dejavnosti, davčno svetovanje
69.200;Računovodske, knjigovodske in revizijske dejavnosti, davčno svetovanje
70;Dejavnost uprav podjetij, podjetniško in poslovno svetovanje
70.1;Dejavnost uprav podjetij
70.10;Dejavnost uprav podjetij
70.100;Dejavnost uprav podjetij
70.2;Podjetniško in poslovno svetovanje
70.21;Dejavnost stikov z javnostjo
70.210;Dejavnost stikov z javnostjo
70.22;Drugo podjetniško in poslovno svetovanje
70.220;Drugo podjetniško in poslovno svetovanje
71;Arhitekturno in tehnično projektiranje, tehnično preizkušanje in analiziranje
71.1;Arhitekturno in tehnično projektiranje in s tem povezano svetovanje
71.11;Arhitekturna in urbanistična dejavnost
71.111;Arhitekturno projektiranje
71.112;Krajinsko arhitekturno, urbanistično in drugo projektiranje
71.12;Tehnično projektiranje in s tem povezano svetovanje
71.121;Geo-meritve, kartiranje
71.129;Drugo tehnično projektiranje in svetovanje
71.2;Tehnično preizkušanje in analiziranje
71.20;Tehnično preizkušanje in analiziranje
71.200;Tehnično preizkušanje in analiziranje
72;Znanstvena raziskovalna in razvojna dejavnost
72.1;Raziskovalna in razvojna dejavnost na področju naravoslovja in tehnologije
72.11;Raziskovalna in razvojna dejavnost na področju biotehnologije
72.110;Raziskovalna in razvojna dejavnost na področju biotehnologije
72.19;Raziskovalna in razvojna dejavnost na drugih področjih naravoslovja in tehnologije
72.190;Raziskovalna in razvojna dejavnost na drugih področjih naravoslovja in tehnologije
72.2;Raziskovalna in razvojna dejavnost na področju družboslovja in humanistike
72.20;Raziskovalna in razvojna dejavnost na področju družboslovja in humanistike
72.200;Raziskovalna in razvojna dejavnost na področju družboslovja in humanistike
73;Oglaševanje in raziskovanje trga
73.1;Oglaševanje
73.11;Dejavnost oglaševalskih agencij
73.110;Dejavnost oglaševalskih agencij
73.12;Posredovanje oglaševalskega prostora
73.120;Posredovanje oglaševalskega prostora
73.2;Raziskovanje trga in javnega mnenja
73.20;Raziskovanje trga in javnega mnenja
73.200;Raziskovanje trga in javnega mnenja
74;Druge strokovne in tehnične dejavnosti
74.1;Oblikovanje, aranžerstvo, dekoraterstvo
74.10;Oblikovanje, aranžerstvo, dekoraterstvo
74.100;Oblikovanje, aranžerstvo, dekoraterstvo
74.2;Fotografska dejavnost
74.20;Fotografska dejavnost
74.200;Fotografska dejavnost
74.3;Prevajanje in tolmačenje
74.30;Prevajanje in tolmačenje
74.300;Prevajanje in tolmačenje
74.9;Drugje nerazvrščene strokovne in tehnične dejavnosti
74.90;Drugje nerazvrščene strokovne in tehnične dejavnosti
74.900;Drugje nerazvrščene strokovne in tehnične dejavnosti
75;Veterinarstvo
75.0;Veterinarstvo
75.00;Veterinarstvo
75.000;Veterinarstvo
77;Dajanje v najem in zakup
77.1;Dajanje motornih vozil v najem in zakup
77.11;Dajanje lahkih motornih vozil v najem in zakup
77.110;Dajanje lahkih motornih vozil v najem in zakup
77.12;Dajanje tovornjakov v najem in zakup
77.120;Dajanje tovornjakov v najem in zakup
77.2;Dajanje športne opreme in izdelkov za široko rabo v najem in zakup
77.21;Dajanje športne opreme v najem in zakup
77.210;Dajanje športne opreme v najem in zakup
77.22;Dajanje videokaset in plošč v najem
77.220;Dajanje videokaset in plošč v najem
77.29;Dajanje drugih izdelkov za široko rabo v najem in zakup
77.290;Dajanje drugih izdelkov za široko rabo v najem in zakup
77.3;Dajanje strojev, naprav in drugih opredmetenih sredstev v najem in zakup
77.31;Dajanje kmetijskih strojev in opreme v najem in zakup
77.310;Dajanje kmetijskih strojev in opreme v najem in zakup
77.32;Dajanje gradbenih strojev in opreme v najem in zakup
77.320;Dajanje gradbenih strojev in opreme v najem in zakup
77.33;Dajanje pisarniške opreme in računalniških naprav v najem in zakup
77.330;Dajanje pisarniške opreme in računalniških naprav v najem in zakup
77.34;Dajanje vodnih plovil v najem in zakup
77.340;Dajanje vodnih plovil v najem in zakup
77.35;Dajanje zračnih plovil v najem in zakup
77.350;Dajanje zračnih plovil v najem in zakup
77.39;Dajanje drugih strojev, naprav in opredmetenih sredstev v najem in zakup
77.390;Dajanje drugih strojev, naprav in opredmetenih sredstev v najem in zakup
77.4;Dajanje pravic uporabe intelektualne lastnine v zakup, razen avtorsko zaščitenih del
77.40;Dajanje pravic uporabe intelektualne lastnine v zakup, razen avtorsko zaščitenih del
77.400;Dajanje pravic uporabe intelektualne lastnine v zakup, razen avtorsko zaščitenih del
78;Zaposlovalne dejavnosti
78.1;Dejavnost pri iskanju zaposlitve
78.10;Dejavnost pri iskanju zaposlitve
78.100;Dejavnost pri iskanju zaposlitve
78.2;Posredovanje začasne delovne sile
78.20;Posredovanje začasne delovne sile
78.200;Posredovanje začasne delovne sile
78.3;Druga oskrba s človeškimi viri
78.30;Druga oskrba s človeškimi viri
78.300;Druga oskrba s človeškimi viri
79;Dejavnost potovalnih agencij, organizatorjev potovanj in s potovanji povezanih dejavnosti
79.1;Dejavnost potovalnih agencij in organizatorjev potovanj
79.11;Dejavnost potovalnih agencij
79.110;Dejavnost potovalnih agencij
79.12;Dejavnost organizatorjev potovanj
79.120;Dejavnost organizatorjev potovanj
79.9;Rezervacije in druge s potovanji povezane dejavnosti
79.90;Rezervacije in druge s potovanji povezane dejavnosti
79.900;Rezervacije in druge s potovanji povezane dejavnosti
80;Varovanje in poizvedovalne dejavnosti
80.1;Varovanje
80.10;Varovanje
80.100;Varovanje
80.2;Nadzorovanje delovanja varovalnih sistemov
80.20;Nadzorovanje delovanja varovalnih sistemov
80.200;Nadzorovanje delovanja varovalnih sistemov
80.3;Poizvedovalne dejavnosti
80.30;Poizvedovalne dejavnosti
80.300;Poizvedovalne dejavnosti
81;Dejavnost oskrbe stavb in okolice
81.1;Vzdrževanje objektov in hišniška dejavnost
81.10;Vzdrževanje objektov in hišniška dejavnost
81.100;Vzdrževanje objektov in hišniška dejavnost
81.2;čiščenje
81.21;Splošno čiščenje stavb
81.210;Splošno čiščenje stavb
81.22;Drugo čiščenje stavb, industrijskih naprav in opreme
81.220;Drugo čiščenje stavb, industrijskih naprav in opreme
81.29;čiščenje cest in drugo čiščenje
81.290;čiščenje cest in drugo čiščenje
81.3;Urejanje in vzdrževanje zelenih površin in okolice
81.30;Urejanje in vzdrževanje zelenih površin in okolice
81.300;Urejanje in vzdrževanje zelenih površin in okolice
82;Pisarniške in spremljajoče poslovne storitvene dejavnosti
82.1;Pisarniške dejavnosti
82.11;Nudenje celovitih pisarniških storitev
82.110;Nudenje celovitih pisarniških storitev
82.19;Fotokopiranje, priprava dokumentov in druge posamične pisarniške dejavnosti
82.190;Fotokopiranje, priprava dokumentov in druge posamične pisarniške dejavnosti
82.2;Dejavnost klicnih centrov
82.20;Dejavnost klicnih centrov
82.200;Dejavnost klicnih centrov
82.3;Organiziranje razstav, sejmov, srečanj
82.30;Organiziranje razstav, sejmov, srečanj
82.300;Organiziranje razstav, sejmov, srečanj
82.9;Druge spremljajoče dejavnosti za poslovanje
82.91;Zbiranje terjatev in ocenjevanje kreditne sposobnosti
82.910;Zbiranje terjatev in ocenjevanje kreditne sposobnosti
82.92;Pakiranje
82.920;Pakiranje
82.99;Drugje nerazvrščene spremljajoče dejavnosti za poslovanje
82.990;Drugje nerazvrščene spremljajoče dejavnosti za poslovanje
84;Dejavnost javne uprave in obrambe, dejavnost obvezne socialne varnosti
84.1;Dejavnost državne uprave ter ekonomska in socialna politika skupnosti
84.11;Splošna dejavnost javne uprave
84.110;Splošna dejavnost javne uprave
84.12;Urejanje zdravstva, izobraževanja, kulturnih in drugih socialnih storitev, razen obvezne socialne varnosti
84.120;Urejanje zdravstva, izobraževanja, kulturnih in drugih socialnih storitev, razen obvezne socialne varnosti
84.13;Urejanje gospodarskih področij za učinkovitejše poslovanje
84.130;Urejanje gospodarskih področij za učinkovitejše poslovanje
84.2;Posebne dejavnosti za celotno družbeno skupnost
84.21;Urejanje zunanjih zadev
84.210;Urejanje zunanjih zadev
84.22;Obramba
84.220;Obramba
84.23;Sodstvo
84.230;Sodstvo
84.24;Dejavnosti za javni red in varnost
84.240;Dejavnosti za javni red in varnost
84.25;Zaščita in reševanje pri požarih in nesrečah
84.250;Zaščita in reševanje pri požarih in nesrečah
84.3;Dejavnost obvezne socialne varnosti
84.30;Dejavnost obvezne socialne varnosti
84.300;Dejavnost obvezne socialne varnosti
85;Izobraževanje
85.1;Predšolska vzgoja
85.10;Predšolska vzgoja
85.100;Predšolska vzgoja
85.2;Osnovnošolsko izobraževanje
85.20;Osnovnošolsko izobraževanje
85.200;Osnovnošolsko izobraževanje
85.3;Srednješolsko izobraževanje
85.31;Srednješolsko splošno izobraževanje
85.310;Srednješolsko splošno izobraževanje
85.32;Srednješolsko poklicno in strokovno izobraževanje
85.320;Srednješolsko poklicno in strokovno izobraževanje
85.4;Posrednješolsko izobraževanje
85.41;Posrednješolsko neterciarno izobraževanje
85.410;Posrednješolsko neterciarno izobraževanje
85.42;Višješolsko in visokošolsko izobraževanje
85.421;Višješolsko izobraževanje
85.422;Visokošolsko izobraževanje
85.5;Drugo izobraževanje, izpopolnjevanje in usposabljanje
85.51;Izobraževanje, izpopolnjevanje in usposabljanje na področju športa in rekreacije
85.510;Izobraževanje, izpopolnjevanje in usposabljanje na področju športa in rekreacije
85.52;Izobraževanje, izpopolnjevanje in usposabljanje na področju kulture in umetnosti
85.520;Izobraževanje, izpopolnjevanje in usposabljanje na področju kulture in umetnosti
85.53;Dejavnost vozniških šol
85.530;Dejavnost vozniških šol
85.59;Drugje nerazvrščeno izobraževanje, izpopolnjevanje in usposabljanje
85.590;Drugje nerazvrščeno izobraževanje, izpopolnjevanje in usposabljanje
85.6;Pomožne dejavnosti za izobraževanje
85.60;Pomožne dejavnosti za izobraževanje
85.600;Pomožne dejavnosti za izobraževanje
86;Zdravstvo
86.1;Bolnišnična zdravstvena dejavnost
86.10;Bolnišnična zdravstvena dejavnost
86.100;Bolnišnična zdravstvena dejavnost
86.2;Zunajbolnišnična zdravstvena in zobozdravstvena dejavnost
86.21;Splošna zunajbolnišnična zdravstvena dejavnost
86.210;Splošna zunajbolnišnična zdravstvena dejavnost
86.22;Specialistična zunajbolnišnična zdravstvena dejavnost
86.220;Specialistična zunajbolnišnična zdravstvena dejavnost
86.23;Zobozdravstvena dejavnost
86.230;Zobozdravstvena dejavnost
86.9;Druge dejavnosti za zdravje
86.90;Druge dejavnosti za zdravje
86.901;Alternativne oblike zdravljenja
86.909;Druge zdravstvene dejavnosti
87;Socialno varstvo z nastanitvijo
87.1;Dejavnost nastanitvenih ustanov za bolniško nego
87.10;Dejavnost nastanitvenih ustanov za bolniško nego
87.100;Dejavnost nastanitvenih ustanov za bolniško nego
87.2;Dejavnost nastanitvenih ustanov za oskrbo duševno prizadetih, duševno obolelih in zasvojenih oseb
87.20;Dejavnost nastanitvenih ustanov za oskrbo duševno prizadetih, duševno obolelih in zasvojenih oseb
87.200;Dejavnost nastanitvenih ustanov za oskrbo duševno prizadetih, duševno obolelih in zasvojenih oseb
87.3;Dejavnost nastanitvenih ustanov za oskrbo starejših in invalidnih oseb
87.30;Dejavnost nastanitvenih ustanov za oskrbo starejših in invalidnih oseb
87.300;Dejavnost nastanitvenih ustanov za oskrbo starejših in invalidnih oseb
87.9;Drugo socialno varstvo z nastanitvijo
87.90;Drugo socialno varstvo z nastanitvijo
87.900;Drugo socialno varstvo z nastanitvijo
88;Socialno varstvo brez nastanitve
88.1;Socialno varstvo brez nastanitve za starejše in invalidne osebe
88.10;Socialno varstvo brez nastanitve za starejše in invalidne osebe
88.101;Dejavnost invalidskih podjetij
88.109;Drugo socialno varstvo brez nastanitve za starejše in invalidne osebe
88.9;Drugo socialno varstvo brez nastanitve
88.91;Dnevno varstvo otrok
88.910;Dnevno varstvo otrok
88.99;Drugje nerazvrščeno socialno varstvo brez nastanitve
88.991;Dejavnost humanitarnih in dobrodelnih organizacij
88.999;Drugo drugje nerazvrščeno socialno varstvo brez nastanitve
90;Kulturne in razvedrilne dejavnosti
90.0;Kulturne in razvedrilne dejavnosti
90.01;Umetniško uprizarjanje
90.010;Umetniško uprizarjanje
90.02;Spremljajoče dejavnosti za umetniško uprizarjanje
90.020;Spremljajoče dejavnosti za umetniško uprizarjanje
90.03;Umetniško ustvarjanje
90.030;Umetniško ustvarjanje
90.04;Obratovanje objektov za kulturne prireditve
90.040;Obratovanje objektov za kulturne prireditve
91;Dejavnost knjižnic, arhivov, muzejev in druge kulturne dejavnosti
91.0;Dejavnost knjižnic, arhivov, muzejev in druge kulturne dejavnosti
91.01;Dejavnost knjižnic in arhivov
91.011;Dejavnost knjižnic
91.012;Dejavnost arhivov
91.02;Dejavnost muzejev
91.020;Dejavnost muzejev
91.03;Varstvo kulturne dediščine
91.030;Varstvo kulturne dediščine
91.04;Dejavnost botaničnih in živalskih vrtov, varstvo naravnih vrednot
91.040;Dejavnost botaničnih in živalskih vrtov, varstvo naravnih vrednot
92;Prirejanje iger na srečo
92.0;Prirejanje iger na srečo
92.00;Prirejanje iger na srečo
92.001;Dejavnost igralnic
92.002;Prirejanje iger na srečo, razen v igralnicah
93;Športne in druge dejavnosti za prosti čas
93.1;Športne dejavnosti
93.11;Obratovanje športnih objektov
93.110;Obratovanje športnih objektov
93.12;Dejavnost športnih klubov
93.120;Dejavnost športnih klubov
93.13;Obratovanje fitnes objektov
93.130;Obratovanje fitnes objektov
93.19;Druge športne dejavnosti
93.190;Druge športne dejavnosti
93.2;Druge dejavnosti za prosti čas
93.21;Dejavnost zabaviščnih parkov
93.210;Dejavnost zabaviščnih parkov
93.29;Drugje nerazvrščene dejavnosti za prosti čas
93.291;Dejavnost marin
93.292;Dejavnost smučarskih centrov
93.299;Druge nerazvrščene dejavnosti za prosti čas
94;Dejavnost članskih organizacij
94.1;Dejavnost poslovnih, delodajalskih in strokovnih združenj
94.11;Dejavnost poslovnih in delodajalskih združenj
94.110;Dejavnost poslovnih in delodajalskih združenj
94.12;Dejavnost strokovnih združenj
94.120;Dejavnost strokovnih združenj
94.2;Dejavnost sindikatov
94.20;Dejavnost sindikatov
94.200;Dejavnost sindikatov
94.9;Dejavnost drugih članskih organizacij
94.91;Dejavnost verskih organizacij
94.910;Dejavnost verskih organizacij
94.92;Dejavnost političnih organizacij
94.920;Dejavnost političnih organizacij
94.99;Dejavnost drugje nerazvrščenih članskih organizacij
94.991;Dejavnost invalidskih organizacij
94.999;Dejavnost drugje nerazvrščenih članskih organizacij
95;Popravila računalnikov in izdelkov za široko rabo
95.1;Popravila in vzdrževanje računalnikov in komunikacijskih naprav
95.11;Popravila in vzdrževanje računalnikov in perifernih enot
95.110;Popravila in vzdrževanje računalnikov in perifernih enot
95.12;Popravila komunikacijskih naprav
95.120;Popravila komunikacijskih naprav
95.2;Popravila izdelkov za široko rabo
95.21;Popravila elektronskih naprav za široko rabo
95.210;Popravila elektronskih naprav za široko rabo
95.22;Popravila gospodinjskih in hišnih naprav in opreme
95.220;Popravila gospodinjskih in hišnih naprav in opreme
95.23;Popravila obutve in usnjene galanterije
95.230;Popravila obutve in usnjene galanterije
95.24;Popravila pohištva
95.240;Popravila pohištva
95.25;Popravila ur in nakita
95.250;Popravila ur in nakita
95.29;Popravila drugih osebnih ali gospodinjskih izdelkov
95.290;Popravila drugih osebnih ali gospodinjskih izdelkov
96;Druge storitvene dejavnosti
96.0;Druge storitvene dejavnosti
96.01;Dejavnost pralnic in kemičnih čistilnic
96.010;Dejavnost pralnic in kemičnih čistilnic
96.02;Frizerska, kozmetična in pedikerska dejavnost
96.021;Frizerska dejavnost
96.022;Kozmetična in pedikerska dejavnost
96.03;Pogrebna dejavnost
96.030;Pogrebna dejavnost
96.04;Dejavnosti za nego telesa
96.040;Dejavnosti za nego telesa
96.09;Druge storitvene dejavnosti, drugje nerazvrščene
96.090;Druge storitvene dejavnosti, drugje nerazvrščene
97;Dejavnost gospodinjstev z zaposlenim hišnim osebjem
97.0;Dejavnost gospodinjstev z zaposlenim hišnim osebjem
97.00;Dejavnost gospodinjstev z zaposlenim hišnim osebjem
97.000;Dejavnost gospodinjstev z zaposlenim hišnim osebjem
98;Raznovrstna proizvodnja gospodinjstev za lastno rabo
98.1;Raznovrstna proizvodnja dobrin v gospodinjstvih za lastno rabo
98.10;Raznovrstna proizvodnja dobrin v gospodinjstvih za lastno rabo
98.100;Raznovrstna proizvodnja dobrin v gospodinjstvih za lastno rabo
98.2;Raznovrstna proizvodnja storitev v gospodinjstvih za lastno rabo
98.20;Raznovrstna proizvodnja storitev v gospodinjstvih za lastno rabo
98.200;Raznovrstna proizvodnja storitev v gospodinjstvih za lastno rabo
99;Dejavnost eksteritorialnih organizacij in teles
99.0;Dejavnost eksteritorialnih organizacij in teles
99.00;Dejavnost eksteritorialnih organizacij in teles
99.000;Dejavnost eksteritorialnih organizacij in teles
